age,sex,children,region,charges
47.0,0.0,1.0,0.0,8539.671
41.0,1.0,1.0,1.0,6289.7549
39.0,0.0,3.0,0.0,7418.522
60.0,0.0,0.0,1.0,12629.8967
21.0,1.0,0.0,1.0,16586.49771
30.0,1.0,3.0,1.0,4837.5823
36.0,0.0,0.0,1.0,4889.0368
38.0,1.0,2.0,2.0,6457.8434
59.0,0.0,0.0,3.0,12815.44495
52.0,0.0,0.0,1.0,27117.99378
49.0,0.0,1.0,2.0,9583.8933
28.0,0.0,1.0,2.0,4133.64165
22.0,0.0,0.0,3.0,2755.02095
61.0,1.0,3.0,0.0,27941.28758
60.0,1.0,0.0,3.0,12741.16745
45.0,0.0,0.0,2.0,7731.85785
28.0,0.0,0.0,1.0,3171.6149
63.0,1.0,0.0,1.0,13405.3903
40.0,1.0,1.0,3.0,39125.33225
60.0,0.0,1.0,0.0,13224.693
49.0,0.0,2.0,3.0,10370.91255
31.0,0.0,1.0,2.0,4738.2682
39.0,0.0,5.0,1.0,8582.3023
29.0,1.0,1.0,1.0,3471.4096
29.0,0.0,0.0,1.0,3366.6697
29.0,1.0,2.0,2.0,4433.3877
53.0,1.0,0.0,1.0,9504.3103
56.0,1.0,0.0,2.0,43921.1837
32.0,1.0,2.0,1.0,4673.3922
48.0,0.0,4.0,2.0,11015.1747
26.0,1.0,0.0,1.0,17043.3414
19.0,0.0,2.0,0.0,2913.569
19.0,1.0,1.0,2.0,2221.56445
51.0,1.0,2.0,1.0,47462.894
20.0,0.0,1.0,1.0,17085.2676
57.0,1.0,0.0,3.0,20709.02034
24.0,1.0,0.0,3.0,18648.4217
25.0,0.0,0.0,3.0,17878.90068
64.0,1.0,0.0,3.0,14394.5579
40.0,1.0,1.0,2.0,6389.37785
20.0,0.0,0.0,2.0,2261.5688
60.0,1.0,3.0,2.0,46130.5265
18.0,0.0,0.0,3.0,2205.9808
60.0,0.0,0.0,0.0,12638.195
34.0,0.0,1.0,2.0,43943.8761
20.0,1.0,0.0,3.0,1967.0227
24.0,1.0,0.0,1.0,38126.2465
29.0,0.0,2.0,2.0,4922.9159
37.0,1.0,0.0,1.0,19214.70553
31.0,1.0,1.0,3.0,4441.21315
64.0,0.0,0.0,0.0,14319.031
19.0,1.0,0.0,2.0,33750.2918
40.0,1.0,1.0,2.0,6393.60345
33.0,1.0,0.0,3.0,12404.8791
46.0,1.0,1.0,3.0,8342.90875
36.0,1.0,0.0,1.0,37742.5757
35.0,1.0,3.0,0.0,5926.846
54.0,1.0,0.0,2.0,10231.4999
62.0,1.0,3.0,2.0,46718.16325
44.0,1.0,2.0,3.0,32108.66282
40.0,1.0,2.0,3.0,7173.35995
46.0,1.0,5.0,0.0,10096.97
61.0,0.0,0.0,3.0,13635.6379
41.0,1.0,2.0,2.0,7261.741
53.0,0.0,2.0,3.0,29186.48236
20.0,1.0,3.0,2.0,37465.34375
51.0,0.0,3.0,2.0,11436.73815
29.0,1.0,2.0,2.0,18157.876
30.0,0.0,3.0,0.0,5325.651
57.0,0.0,0.0,3.0,12029.2867
61.0,1.0,0.0,0.0,12574.049
30.0,0.0,3.0,1.0,40932.4295
50.0,0.0,2.0,1.0,10107.2206
42.0,1.0,0.0,1.0,19515.5416
40.0,0.0,3.0,2.0,8059.6791
18.0,1.0,0.0,3.0,34617.84065
36.0,0.0,1.0,0.0,5472.449
58.0,1.0,0.0,3.0,11931.12525
24.0,0.0,0.0,1.0,25081.76784
62.0,0.0,3.0,2.0,15612.19335
39.0,1.0,1.0,2.0,6117.4945
26.0,0.0,1.0,0.0,3410.324
22.0,1.0,0.0,1.0,1664.9996
28.0,1.0,2.0,3.0,4428.88785
27.0,0.0,1.0,1.0,3561.8889
19.0,0.0,1.0,2.0,2719.27975
25.0,0.0,1.0,0.0,3208.787
57.0,0.0,0.0,0.0,11455.28
23.0,1.0,0.0,0.0,1826.843
41.0,0.0,1.0,0.0,6775.961
22.0,0.0,2.0,3.0,3925.7582
33.0,0.0,3.0,0.0,5972.378
39.0,1.0,0.0,3.0,5757.41345
25.0,1.0,1.0,3.0,3309.7926
43.0,0.0,1.0,2.0,7727.2532
22.0,1.0,0.0,3.0,2254.7967
44.0,1.0,1.0,1.0,7147.4728
33.0,0.0,0.0,2.0,55135.40209
43.0,0.0,1.0,3.0,21771.3423
52.0,1.0,1.0,1.0,9748.9106
54.0,0.0,3.0,0.0,12105.32
46.0,1.0,1.0,1.0,7742.1098
56.0,0.0,0.0,2.0,11454.0215
18.0,1.0,0.0,1.0,1137.4697
62.0,0.0,2.0,2.0,15019.76005
56.0,0.0,0.0,1.0,11093.6229
35.0,0.0,1.0,1.0,5245.2269
56.0,1.0,2.0,1.0,43813.8661
63.0,0.0,0.0,3.0,14451.83515
22.0,0.0,3.0,2.0,4296.2712
45.0,1.0,2.0,2.0,21098.55405
58.0,0.0,0.0,2.0,12235.8392
32.0,1.0,2.0,0.0,4670.64
55.0,0.0,2.0,2.0,12269.68865
18.0,0.0,0.0,3.0,2200.83085
42.0,1.0,2.0,0.0,7160.094
33.0,1.0,2.0,1.0,4889.9995
19.0,1.0,0.0,0.0,1252.407
31.0,0.0,2.0,1.0,4949.7587
50.0,0.0,0.0,0.0,8932.084
25.0,1.0,3.0,0.0,3906.127
18.0,0.0,2.0,1.0,2801.2588
40.0,1.0,1.0,1.0,17179.522
37.0,1.0,0.0,0.0,20420.60465
28.0,1.0,1.0,0.0,3277.161
48.0,0.0,0.0,1.0,8283.6807
18.0,0.0,0.0,1.0,1631.8212
18.0,0.0,3.0,1.0,18223.4512
51.0,1.0,0.0,2.0,9174.13565
59.0,1.0,0.0,3.0,12323.936
46.0,1.0,3.0,1.0,46151.1245
53.0,0.0,3.0,2.0,46661.4424
34.0,1.0,0.0,3.0,4500.33925
32.0,0.0,1.0,3.0,5148.5526
41.0,1.0,1.0,1.0,6272.4772
43.0,1.0,0.0,0.0,37829.7242
24.0,1.0,0.0,3.0,35147.52848
29.0,0.0,2.0,2.0,4906.40965
63.0,0.0,0.0,3.0,14449.8544
59.0,0.0,0.0,2.0,12622.1795
28.0,1.0,0.0,1.0,2689.4954
64.0,1.0,0.0,1.0,26926.5144
28.0,1.0,1.0,0.0,51194.55914
50.0,1.0,0.0,3.0,41097.16175
56.0,1.0,0.0,2.0,10976.24575
50.0,0.0,1.0,2.0,9910.35985
41.0,1.0,0.0,1.0,5709.1644
41.0,1.0,3.0,3.0,39597.4072
57.0,0.0,0.0,2.0,11842.62375
55.0,0.0,0.0,0.0,10713.644
37.0,1.0,3.0,3.0,6985.50695
57.0,1.0,0.0,3.0,11534.87265
25.0,0.0,1.0,1.0,18218.16139
57.0,0.0,4.0,3.0,14394.39815
18.0,1.0,0.0,3.0,1704.5681
25.0,1.0,0.0,2.0,15817.9857
51.0,1.0,1.0,0.0,9391.346
49.0,1.0,2.0,2.0,23807.2406
63.0,1.0,3.0,0.0,15170.069
26.0,0.0,1.0,1.0,3392.3652
38.0,1.0,2.0,3.0,6640.54485
64.0,0.0,0.0,1.0,14313.8463
46.0,1.0,3.0,3.0,9500.57305
54.0,1.0,2.0,1.0,44260.7499
27.0,1.0,2.0,2.0,4058.71245
52.0,0.0,0.0,0.0,9625.92
26.0,1.0,1.0,1.0,2927.0647
38.0,0.0,1.0,1.0,5974.3847
54.0,0.0,3.0,2.0,12495.29085
49.0,1.0,2.0,0.0,23306.547
28.0,1.0,3.0,1.0,17663.1442
33.0,1.0,2.0,2.0,5257.50795
37.0,0.0,2.0,0.0,46113.511
38.0,0.0,0.0,0.0,5383.536
27.0,0.0,0.0,3.0,3558.62025
26.0,1.0,0.0,0.0,2302.3
29.0,0.0,0.0,3.0,16115.3045
60.0,1.0,0.0,3.0,30259.99556
20.0,0.0,0.0,1.0,26125.67477
43.0,1.0,2.0,1.0,18767.7377
24.0,1.0,0.0,0.0,1969.614
39.0,1.0,2.0,1.0,6356.2707
63.0,1.0,0.0,1.0,47055.5321
58.0,0.0,0.0,3.0,12430.95335
64.0,1.0,0.0,1.0,46889.2612
45.0,0.0,0.0,0.0,7348.142
48.0,0.0,1.0,3.0,26392.26029
30.0,1.0,0.0,1.0,36950.2567
49.0,1.0,0.0,1.0,8124.4084
61.0,1.0,0.0,2.0,12950.0712
42.0,0.0,0.0,2.0,21348.706
28.0,1.0,5.0,0.0,5615.369
52.0,0.0,0.0,2.0,9991.03765
52.0,1.0,3.0,2.0,60021.39897
62.0,0.0,0.0,0.0,13451.122
18.0,0.0,0.0,1.0,11482.63485
29.0,0.0,0.0,0.0,3353.284
63.0,1.0,3.0,2.0,15555.18875
22.0,1.0,1.0,1.0,37165.1638
60.0,0.0,0.0,2.0,28923.13692
19.0,1.0,0.0,2.0,1632.03625
54.0,0.0,3.0,2.0,12475.3513
18.0,0.0,2.0,3.0,3393.35635
58.0,0.0,0.0,1.0,11833.7823
22.0,0.0,0.0,0.0,2150.469
53.0,0.0,3.0,1.0,20462.99766
47.0,1.0,1.0,1.0,42211.1382
22.0,1.0,0.0,0.0,35585.576
19.0,1.0,0.0,2.0,1635.73365
20.0,0.0,0.0,2.0,14711.7438
52.0,0.0,0.0,3.0,23045.56616
52.0,1.0,2.0,2.0,26467.09737
20.0,0.0,0.0,3.0,2457.21115
59.0,0.0,2.0,0.0,36910.60803
36.0,1.0,1.0,2.0,5373.36425
23.0,0.0,2.0,3.0,22395.74424
39.0,0.0,3.0,3.0,7986.47525
45.0,0.0,0.0,3.0,7935.29115
19.0,1.0,0.0,0.0,1253.936
26.0,1.0,0.0,1.0,2322.6218
23.0,1.0,1.0,2.0,2789.0574
22.0,1.0,1.0,1.0,44501.3982
22.0,1.0,0.0,3.0,2250.8352
37.0,0.0,2.0,0.0,6311.952
33.0,1.0,0.0,2.0,21984.47061
36.0,0.0,2.0,0.0,18608.262
19.0,0.0,0.0,0.0,1727.785
33.0,0.0,0.0,2.0,4571.41305
55.0,0.0,0.0,1.0,44423.803
53.0,1.0,1.0,0.0,10085.846
23.0,1.0,3.0,0.0,3591.48
49.0,1.0,0.0,1.0,8125.7845
27.0,1.0,0.0,1.0,2498.4144
55.0,0.0,2.0,1.0,11881.9696
35.0,0.0,1.0,0.0,5246.047
52.0,1.0,2.0,0.0,10325.206
23.0,0.0,0.0,0.0,34166.273
57.0,1.0,1.0,1.0,11554.2236
22.0,0.0,3.0,1.0,35595.5898
57.0,0.0,2.0,0.0,12646.207
36.0,1.0,0.0,0.0,4402.233
18.0,0.0,0.0,3.0,2198.18985
26.0,0.0,2.0,3.0,14455.64405
52.0,0.0,0.0,3.0,10197.7722
56.0,0.0,0.0,0.0,11073.176
55.0,1.0,0.0,1.0,20781.48892
20.0,1.0,2.0,0.0,38344.566
26.0,0.0,0.0,3.0,3385.39915
55.0,1.0,3.0,1.0,11987.1682
20.0,1.0,0.0,3.0,1984.4533
50.0,1.0,0.0,1.0,8442.667
26.0,0.0,1.0,1.0,3392.9768
23.0,0.0,2.0,1.0,3500.6123
19.0,1.0,0.0,2.0,1639.5631
36.0,1.0,2.0,1.0,5584.3057
50.0,0.0,2.0,2.0,10493.9458
52.0,0.0,3.0,0.0,11411.685
21.0,0.0,2.0,2.0,26018.95052
19.0,0.0,3.0,2.0,18838.70366
52.0,0.0,1.0,3.0,10797.3362
20.0,1.0,1.0,2.0,17560.37975
19.0,0.0,0.0,2.0,2130.6759
53.0,1.0,0.0,1.0,27346.04207
28.0,1.0,3.0,1.0,4449.462
64.0,1.0,2.0,0.0,14988.432
47.0,0.0,1.0,1.0,8547.6913
19.0,0.0,0.0,0.0,1744.465
50.0,0.0,1.0,3.0,10106.13425
18.0,0.0,0.0,3.0,2203.47185
41.0,0.0,2.0,0.0,7371.772
19.0,0.0,0.0,0.0,1759.338
39.0,1.0,0.0,3.0,20149.3229
42.0,1.0,3.0,2.0,32787.45859
35.0,1.0,3.0,1.0,19361.9988
32.0,0.0,3.0,3.0,6334.34355
57.0,0.0,0.0,2.0,43578.9394
34.0,0.0,1.0,2.0,5385.3379
32.0,1.0,2.0,1.0,4686.3887
19.0,0.0,0.0,0.0,1743.214
51.0,0.0,1.0,0.0,9880.068
47.0,0.0,1.0,2.0,8930.93455
35.0,0.0,1.0,0.0,5240.765
51.0,0.0,0.0,1.0,9283.562
23.0,0.0,1.0,1.0,18328.2381
27.0,1.0,0.0,1.0,2483.736
52.0,0.0,2.0,2.0,33471.97189
60.0,1.0,1.0,2.0,13112.6048
42.0,1.0,0.0,0.0,5979.731
18.0,1.0,0.0,1.0,1121.8739
45.0,0.0,2.0,1.0,8516.829
43.0,0.0,0.0,3.0,7325.0482
55.0,1.0,0.0,3.0,10796.35025
50.0,0.0,1.0,1.0,9549.5651
39.0,0.0,5.0,2.0,8965.79575
49.0,0.0,5.0,0.0,11552.904
46.0,1.0,0.0,2.0,7526.70645
18.0,0.0,1.0,1.0,2201.0971
44.0,0.0,0.0,3.0,12797.20962
24.0,1.0,0.0,0.0,1972.95
22.0,1.0,0.0,0.0,1682.597
19.0,0.0,0.0,2.0,2134.9015
42.0,1.0,0.0,0.0,5969.723
56.0,0.0,1.0,2.0,12044.342
34.0,1.0,2.0,0.0,11737.84884
35.0,0.0,2.0,1.0,5846.9176
54.0,0.0,3.0,0.0,12094.478
46.0,0.0,1.0,1.0,8233.0975
42.0,0.0,0.0,3.0,7050.0213
60.0,0.0,0.0,3.0,13217.0945
21.0,0.0,0.0,1.0,2026.9741
40.0,1.0,0.0,1.0,5438.7491
48.0,1.0,0.0,1.0,7804.1605
50.0,1.0,1.0,1.0,9048.0273
53.0,1.0,3.0,0.0,11253.421
26.0,1.0,0.0,2.0,2680.9493
31.0,0.0,0.0,1.0,3756.6216
18.0,1.0,1.0,3.0,11272.33139
27.0,1.0,0.0,1.0,39611.7577
34.0,1.0,2.0,3.0,27375.90478
54.0,1.0,1.0,0.0,10450.552
56.0,1.0,1.0,3.0,11763.0009
32.0,1.0,1.0,0.0,4076.497
29.0,0.0,1.0,1.0,3947.4131
54.0,0.0,0.0,1.0,63770.42801
45.0,1.0,0.0,3.0,7448.40395
37.0,1.0,0.0,2.0,5028.1466
27.0,1.0,0.0,2.0,18310.742
55.0,0.0,1.0,3.0,11879.10405
61.0,0.0,1.0,3.0,48517.56315
26.0,1.0,3.0,3.0,4661.28635
35.0,0.0,0.0,2.0,20234.85475
38.0,1.0,1.0,2.0,5855.9025
41.0,1.0,1.0,0.0,6282.235
25.0,1.0,2.0,3.0,23241.47453
22.0,1.0,0.0,2.0,2045.68525
40.0,1.0,2.0,0.0,6600.361
31.0,1.0,1.0,1.0,3875.7341
43.0,0.0,0.0,2.0,21774.32215
35.0,1.0,1.0,2.0,5125.2157
18.0,1.0,2.0,3.0,12829.4551
23.0,1.0,3.0,0.0,3597.596
36.0,1.0,3.0,3.0,6748.5912
33.0,0.0,1.0,1.0,4779.6023
24.0,0.0,0.0,1.0,2473.3341
22.0,1.0,3.0,3.0,4005.4225
44.0,0.0,1.0,0.0,7624.63
56.0,0.0,0.0,3.0,11657.7189
28.0,0.0,1.0,1.0,3766.8838
60.0,1.0,0.0,3.0,12730.9996
19.0,1.0,0.0,0.0,34828.654
48.0,1.0,1.0,2.0,28468.91901
36.0,1.0,2.0,0.0,38415.474
26.0,0.0,2.0,0.0,3987.926
51.0,1.0,1.0,1.0,22218.1149
45.0,0.0,0.0,1.0,17929.30337
47.0,1.0,1.0,0.0,8062.764
37.0,0.0,1.0,2.0,6112.35295
21.0,1.0,0.0,2.0,1909.52745
32.0,0.0,2.0,0.0,5152.134
50.0,1.0,1.0,1.0,9058.7303
18.0,1.0,2.0,1.0,11884.04858
61.0,0.0,2.0,0.0,14235.072
35.0,0.0,0.0,3.0,5227.98875
38.0,1.0,2.0,0.0,6082.405
28.0,0.0,0.0,3.0,3732.6251
49.0,1.0,0.0,0.0,39727.614
50.0,1.0,0.0,0.0,8457.818
28.0,0.0,2.0,1.0,4340.4409
36.0,0.0,0.0,2.0,5272.1758
18.0,1.0,0.0,3.0,1694.7964
22.0,0.0,0.0,2.0,33907.548
27.0,0.0,0.0,1.0,37133.8982
18.0,0.0,0.0,1.0,1615.7667
18.0,0.0,0.0,1.0,38792.6856
27.0,0.0,0.0,0.0,34838.873
46.0,0.0,1.0,0.0,41661.602
61.0,0.0,0.0,2.0,13415.0381
27.0,0.0,2.0,3.0,15006.57945
43.0,0.0,2.0,2.0,8310.83915
45.0,0.0,1.0,2.0,28340.18885
45.0,0.0,3.0,3.0,9704.66805
48.0,0.0,0.0,0.0,8277.523
18.0,1.0,0.0,3.0,1702.4553
20.0,1.0,1.0,1.0,27724.28875
37.0,1.0,1.0,3.0,39047.285
56.0,0.0,1.0,0.0,11674.13
32.0,0.0,2.0,2.0,32734.1863
51.0,0.0,1.0,1.0,9877.6077
18.0,0.0,0.0,3.0,21344.8467
53.0,0.0,3.0,3.0,24873.3849
50.0,1.0,2.0,2.0,30284.64294
27.0,1.0,0.0,0.0,2494.022
18.0,0.0,1.0,1.0,2219.4451
32.0,0.0,0.0,1.0,3972.9247
41.0,0.0,0.0,0.0,6186.127
47.0,0.0,3.0,2.0,10115.00885
53.0,0.0,3.0,0.0,11741.726
19.0,0.0,0.0,2.0,2136.88225
57.0,0.0,0.0,1.0,27533.9129
50.0,0.0,3.0,1.0,10702.6424
60.0,0.0,0.0,1.0,12648.7034
50.0,1.0,2.0,0.0,42856.838
18.0,1.0,0.0,1.0,36307.7983
49.0,0.0,4.0,1.0,10977.2063
44.0,0.0,1.0,1.0,7633.7206
47.0,0.0,1.0,0.0,8551.347
30.0,0.0,1.0,0.0,4149.736
24.0,1.0,0.0,0.0,34472.841
28.0,1.0,2.0,3.0,4435.0942
43.0,1.0,1.0,0.0,6849.026
53.0,0.0,2.0,0.0,11150.78
45.0,0.0,2.0,1.0,8515.7587
47.0,0.0,0.0,3.0,8534.6718
24.0,1.0,4.0,3.0,17128.42608
38.0,0.0,1.0,2.0,6373.55735
49.0,0.0,1.0,2.0,9566.9909
42.0,0.0,1.0,2.0,7443.64305
45.0,1.0,2.0,0.0,8027.968
36.0,0.0,4.0,1.0,7243.8136
54.0,1.0,2.0,1.0,11013.7119
21.0,0.0,2.0,2.0,3579.8287
42.0,1.0,1.0,2.0,6940.90985
46.0,1.0,2.0,1.0,8347.1643
20.0,0.0,0.0,0.0,1880.487
53.0,1.0,1.0,0.0,10065.413
19.0,0.0,0.0,2.0,2138.0707
43.0,0.0,3.0,1.0,40941.2854
21.0,1.0,0.0,1.0,1532.4697
44.0,1.0,2.0,2.0,8116.26885
51.0,0.0,0.0,3.0,9866.30485
19.0,1.0,0.0,0.0,1242.26
21.0,0.0,1.0,0.0,2597.779
54.0,0.0,3.0,2.0,12479.70895
61.0,0.0,0.0,2.0,13429.0354
52.0,0.0,5.0,1.0,12592.5345
18.0,0.0,4.0,3.0,4561.1885
37.0,1.0,4.0,0.0,40182.246
24.0,0.0,0.0,0.0,2457.502
45.0,1.0,0.0,1.0,62592.87309
39.0,0.0,2.0,2.0,7201.70085
38.0,0.0,1.0,3.0,6555.07035
60.0,1.0,0.0,2.0,12523.6048
25.0,1.0,2.0,1.0,42112.2356
42.0,1.0,2.0,3.0,7729.64575
47.0,1.0,3.0,2.0,9620.3307
26.0,1.0,1.0,1.0,2902.9065
26.0,1.0,1.0,3.0,3490.5491
61.0,1.0,1.0,2.0,28868.6639
20.0,0.0,2.0,1.0,3056.3881
50.0,1.0,2.0,3.0,25333.33284
57.0,1.0,0.0,3.0,11566.30055
53.0,1.0,0.0,2.0,9863.4718
48.0,0.0,4.0,2.0,11033.6617
24.0,0.0,0.0,3.0,14571.8908
33.0,0.0,2.0,0.0,5375.038
58.0,1.0,1.0,1.0,11946.6259
21.0,1.0,0.0,2.0,1906.35825
27.0,0.0,0.0,1.0,16577.7795
22.0,1.0,1.0,2.0,2639.0429
51.0,0.0,0.0,1.0,44400.4064
33.0,0.0,3.0,2.0,6360.9936
49.0,0.0,3.0,1.0,10381.4787
43.0,0.0,2.0,2.0,21880.82
51.0,1.0,1.0,1.0,9377.9047
48.0,0.0,1.0,3.0,9447.3824
54.0,1.0,0.0,0.0,9850.432
19.0,1.0,0.0,2.0,36219.40545
61.0,1.0,0.0,3.0,13143.33665
33.0,0.0,1.0,1.0,4795.6568
43.0,1.0,0.0,0.0,6250.435
29.0,1.0,2.0,2.0,4433.9159
20.0,1.0,0.0,0.0,16232.847
54.0,1.0,0.0,2.0,24476.47851
24.0,0.0,0.0,0.0,18955.22017
58.0,1.0,2.0,2.0,47496.49445
18.0,1.0,3.0,3.0,3481.868
48.0,0.0,1.0,3.0,9447.25035
54.0,0.0,0.0,3.0,10923.9332
35.0,0.0,1.0,2.0,5630.45785
48.0,1.0,3.0,0.0,9563.029
53.0,0.0,1.0,2.0,10942.13205
59.0,1.0,1.0,3.0,12913.9924
19.0,0.0,0.0,2.0,17748.5062
20.0,1.0,0.0,1.0,1391.5287
24.0,0.0,0.0,2.0,2850.68375
64.0,1.0,0.0,0.0,13822.803
36.0,1.0,3.0,3.0,43753.33705
64.0,0.0,1.0,0.0,47928.03
31.0,0.0,2.0,0.0,4931.647
27.0,1.0,0.0,1.0,2497.0383
25.0,1.0,0.0,2.0,2523.1695
58.0,1.0,0.0,3.0,11944.59435
41.0,1.0,2.0,0.0,6875.961
60.0,0.0,0.0,2.0,13012.20865
18.0,1.0,0.0,1.0,1137.011
64.0,1.0,0.0,1.0,13831.1152
56.0,1.0,0.0,3.0,22412.6485
60.0,1.0,0.0,1.0,12142.5786
51.0,1.0,1.0,3.0,9964.06
59.0,1.0,3.0,3.0,30184.9367
42.0,1.0,0.0,1.0,5966.8874
48.0,0.0,3.0,1.0,24180.9335
47.0,0.0,1.0,0.0,26236.57997
28.0,0.0,0.0,0.0,3172.018
53.0,1.0,0.0,3.0,43254.41795
53.0,0.0,1.0,1.0,10579.711
26.0,1.0,1.0,2.0,3292.52985
45.0,1.0,2.0,2.0,8413.46305
49.0,0.0,2.0,1.0,9800.8882
52.0,1.0,3.0,3.0,24869.8368
47.0,1.0,3.0,0.0,25309.489
62.0,1.0,0.0,0.0,12957.118
62.0,0.0,1.0,3.0,31620.00106
54.0,1.0,1.0,3.0,25517.11363
57.0,0.0,1.0,0.0,12032.326
19.0,0.0,0.0,0.0,1731.677
23.0,1.0,3.0,3.0,36189.1017
38.0,0.0,3.0,0.0,7151.092
32.0,1.0,1.0,2.0,4462.7218
57.0,0.0,0.0,2.0,11840.77505
19.0,1.0,0.0,1.0,39722.7462
54.0,1.0,1.0,1.0,41999.52
62.0,0.0,0.0,1.0,13457.9608
44.0,0.0,0.0,1.0,48885.13561
30.0,1.0,3.0,0.0,18259.216
39.0,0.0,0.0,0.0,5649.715
63.0,0.0,0.0,2.0,14256.1928
43.0,0.0,2.0,3.0,19144.57652
61.0,0.0,0.0,0.0,13041.921
55.0,1.0,1.0,0.0,10791.96
47.0,1.0,2.0,3.0,9225.2564
43.0,1.0,2.0,1.0,18806.14547
45.0,1.0,3.0,1.0,8605.3615
36.0,1.0,0.0,1.0,4399.731
49.0,1.0,1.0,3.0,9290.1395
18.0,1.0,0.0,3.0,1708.92575
30.0,0.0,1.0,2.0,4527.18295
22.0,0.0,0.0,1.0,2156.7518
41.0,0.0,2.0,2.0,7749.1564
47.0,0.0,0.0,1.0,23065.4207
64.0,1.0,1.0,1.0,14418.2804
46.0,1.0,3.0,2.0,9301.89355
30.0,1.0,3.0,3.0,5428.7277
56.0,0.0,0.0,0.0,11070.535
45.0,1.0,1.0,0.0,7445.918
19.0,0.0,1.0,2.0,2730.10785
50.0,0.0,0.0,3.0,9541.69555
37.0,0.0,0.0,3.0,37270.1512
36.0,1.0,1.0,2.0,5377.4578
23.0,1.0,1.0,1.0,2438.0552
31.0,1.0,3.0,2.0,5425.02335
36.0,1.0,1.0,1.0,38709.176
63.0,0.0,1.0,1.0,14474.675
18.0,0.0,0.0,3.0,7323.734819
48.0,0.0,1.0,1.0,8871.1517
29.0,0.0,0.0,2.0,3736.4647
43.0,1.0,2.0,1.0,42560.4304
56.0,1.0,4.0,1.0,12949.1554
59.0,1.0,1.0,0.0,12333.828
41.0,1.0,2.0,2.0,7256.7231
57.0,0.0,1.0,1.0,22192.43711
26.0,1.0,2.0,2.0,3877.30425
51.0,1.0,1.0,1.0,9386.1613
48.0,1.0,0.0,1.0,7789.635
40.0,1.0,4.0,2.0,8162.71625
25.0,0.0,0.0,0.0,2632.992
40.0,1.0,1.0,3.0,6600.20595
42.0,0.0,1.0,3.0,7650.77375
49.0,0.0,0.0,2.0,8988.15875
50.0,1.0,1.0,3.0,41919.097
44.0,1.0,2.0,3.0,8302.53565
46.0,1.0,0.0,0.0,7147.105
51.0,0.0,1.0,0.0,9872.701
31.0,0.0,3.0,3.0,6113.23105
28.0,0.0,2.0,1.0,4349.462
55.0,1.0,0.0,1.0,10226.2842
33.0,0.0,1.0,0.0,4766.022
21.0,1.0,0.0,3.0,2102.2647
33.0,1.0,1.0,1.0,11326.71487
53.0,0.0,1.0,2.0,10959.6947
20.0,1.0,5.0,3.0,4915.05985
63.0,1.0,3.0,1.0,15161.5344
34.0,1.0,0.0,1.0,3935.1799
46.0,1.0,3.0,2.0,40720.55105
19.0,1.0,0.0,2.0,1627.28245
19.0,0.0,1.0,2.0,2710.82855
64.0,0.0,0.0,1.0,27037.9141
43.0,1.0,0.0,3.0,6837.3687
40.0,0.0,1.0,2.0,28476.73499
21.0,0.0,0.0,1.0,2020.5523
49.0,1.0,0.0,3.0,8688.85885
44.0,0.0,0.0,2.0,42983.4585
44.0,0.0,1.0,3.0,19594.80965
33.0,1.0,2.0,2.0,5261.46945
46.0,1.0,2.0,2.0,8733.22925
22.0,0.0,0.0,1.0,2155.6815
32.0,0.0,1.0,1.0,17626.23951
41.0,1.0,1.0,2.0,6664.68595
52.0,1.0,1.0,0.0,9724.53
60.0,0.0,0.0,1.0,45008.9555
25.0,0.0,0.0,3.0,3213.62205
41.0,0.0,0.0,2.0,6571.02435
29.0,0.0,0.0,3.0,3943.5954
50.0,1.0,3.0,2.0,10600.5483
38.0,0.0,2.0,3.0,7133.9025
55.0,0.0,3.0,1.0,12485.8009
50.0,0.0,3.0,1.0,19749.38338
52.0,0.0,2.0,3.0,11396.9002
39.0,1.0,4.0,0.0,7512.267
41.0,1.0,1.0,3.0,6858.4796
21.0,0.0,2.0,1.0,3180.5101
41.0,0.0,1.0,2.0,7153.5539
44.0,1.0,2.0,0.0,38998.546
29.0,1.0,1.0,3.0,4040.55825
19.0,1.0,0.0,0.0,1261.859
30.0,0.0,1.0,3.0,4718.20355
29.0,1.0,2.0,0.0,44585.45587
62.0,1.0,0.0,0.0,12979.358
55.0,1.0,0.0,0.0,20630.28351
36.0,0.0,0.0,2.0,5267.81815
43.0,1.0,5.0,1.0,14478.33015
28.0,1.0,0.0,2.0,3062.50825
42.0,0.0,0.0,3.0,19964.7463
56.0,1.0,0.0,0.0,10601.412
63.0,1.0,1.0,2.0,14349.8544
35.0,1.0,1.0,0.0,4746.344
49.0,1.0,0.0,0.0,8116.68
21.0,0.0,1.0,3.0,3167.45585
42.0,0.0,2.0,1.0,7640.3092
42.0,0.0,1.0,1.0,7046.7222
50.0,0.0,1.0,0.0,24520.264
37.0,1.0,2.0,2.0,6203.90175
21.0,1.0,0.0,1.0,1534.3045
63.0,0.0,0.0,0.0,48824.45
18.0,1.0,0.0,3.0,1708.0014
34.0,0.0,1.0,0.0,5003.853
63.0,0.0,0.0,2.0,14254.6082
21.0,0.0,0.0,0.0,2007.945
48.0,1.0,1.0,2.0,8765.249
42.0,1.0,0.0,0.0,22144.032
18.0,1.0,0.0,1.0,1136.3994
27.0,1.0,3.0,0.0,4260.744
50.0,0.0,2.0,0.0,10118.424
37.0,0.0,0.0,1.0,19539.243
45.0,1.0,2.0,2.0,42760.5022
63.0,1.0,0.0,3.0,13974.45555
38.0,0.0,1.0,1.0,5976.8311
52.0,1.0,3.0,1.0,25992.82104
18.0,0.0,0.0,1.0,1622.1885
47.0,1.0,4.0,3.0,10407.08585
23.0,0.0,0.0,2.0,2690.1138
33.0,1.0,5.0,1.0,6653.7886
43.0,0.0,2.0,0.0,22478.6
28.0,0.0,2.0,2.0,4719.73655
54.0,1.0,1.0,0.0,10436.096
41.0,0.0,3.0,0.0,7954.517
61.0,0.0,0.0,1.0,24513.09126
40.0,0.0,0.0,0.0,5910.944
31.0,1.0,3.0,2.0,38746.3551
52.0,0.0,2.0,2.0,11187.6567
19.0,1.0,0.0,0.0,23082.95533
43.0,1.0,3.0,1.0,42124.5153
63.0,0.0,0.0,1.0,13887.9685
24.0,0.0,0.0,2.0,2855.43755
18.0,1.0,0.0,1.0,1141.4451
26.0,1.0,2.0,0.0,36085.219
56.0,1.0,0.0,1.0,10594.2257
63.0,1.0,0.0,3.0,13981.85035
47.0,0.0,0.0,3.0,20878.78443
43.0,0.0,3.0,0.0,8522.003
18.0,1.0,0.0,1.0,1149.3959
38.0,0.0,2.0,2.0,6933.24225
53.0,0.0,2.0,0.0,11163.568
21.0,0.0,0.0,2.0,2404.7338
52.0,0.0,2.0,0.0,10806.839
55.0,0.0,0.0,2.0,11082.5772
33.0,1.0,0.0,3.0,17904.52705
58.0,0.0,0.0,0.0,11837.16
19.0,1.0,0.0,0.0,1242.816
40.0,0.0,1.0,3.0,7077.1894
64.0,1.0,2.0,1.0,49577.6624
27.0,0.0,3.0,2.0,18804.7524
21.0,0.0,0.0,0.0,2020.177
30.0,1.0,3.0,2.0,20745.9891
58.0,0.0,0.0,2.0,12222.8983
47.0,1.0,1.0,1.0,21978.6769
51.0,0.0,2.0,2.0,10848.1343
25.0,0.0,3.0,0.0,4391.652
53.0,1.0,0.0,1.0,9487.6442
33.0,1.0,1.0,0.0,19040.876
60.0,0.0,0.0,3.0,13228.84695
31.0,0.0,2.0,2.0,5327.40025
62.0,0.0,0.0,3.0,14043.4767
18.0,1.0,2.0,1.0,34303.1672
36.0,0.0,0.0,0.0,4883.866
43.0,0.0,1.0,1.0,7345.7266
51.0,0.0,1.0,0.0,9861.025
63.0,0.0,0.0,1.0,13887.204
58.0,0.0,0.0,1.0,11856.4115
19.0,0.0,0.0,0.0,1748.774
41.0,1.0,1.0,1.0,40273.6455
20.0,0.0,0.0,0.0,1875.344
45.0,1.0,2.0,3.0,8603.8234
62.0,0.0,0.0,0.0,13470.86
26.0,0.0,2.0,3.0,4564.19145
52.0,1.0,0.0,1.0,9140.951
18.0,0.0,0.0,1.0,1633.9618
19.0,1.0,0.0,0.0,1261.442
30.0,0.0,3.0,2.0,18765.87545
53.0,0.0,1.0,1.0,23244.7902
18.0,1.0,0.0,1.0,1135.9407
31.0,1.0,2.0,1.0,4463.2051
21.0,0.0,0.0,3.0,2585.85065
31.0,0.0,0.0,0.0,3761.292
45.0,0.0,1.0,2.0,39725.51805
38.0,0.0,3.0,2.0,7537.1639
31.0,1.0,0.0,0.0,3260.199
44.0,1.0,3.0,3.0,8891.1395
32.0,0.0,0.0,0.0,3989.841
57.0,0.0,2.0,1.0,12629.1656
18.0,0.0,0.0,1.0,1621.8827
56.0,0.0,0.0,3.0,11658.11505
61.0,0.0,4.0,1.0,36580.28216
40.0,0.0,4.0,0.0,15828.82173
30.0,0.0,0.0,3.0,4137.5227
34.0,1.0,0.0,2.0,4320.41085
37.0,1.0,2.0,3.0,6406.4107
53.0,1.0,0.0,2.0,9869.8102
56.0,1.0,0.0,0.0,10602.385
49.0,1.0,3.0,2.0,10269.46
20.0,0.0,0.0,2.0,2257.47525
62.0,1.0,0.0,2.0,13352.0998
53.0,1.0,3.0,0.0,11264.541
28.0,1.0,0.0,2.0,19673.33573
59.0,1.0,0.0,2.0,12129.61415
19.0,0.0,0.0,2.0,33307.5508
28.0,0.0,1.0,3.0,23288.9284
19.0,1.0,1.0,2.0,16450.8947
26.0,0.0,0.0,2.0,3176.2877
57.0,0.0,2.0,3.0,13224.05705
18.0,1.0,0.0,1.0,1163.4627
35.0,1.0,4.0,3.0,19496.71917
62.0,0.0,0.0,2.0,13844.7972
51.0,1.0,3.0,1.0,10560.4917
59.0,0.0,3.0,1.0,14001.2867
57.0,0.0,0.0,2.0,11830.6072
21.0,1.0,4.0,0.0,17942.106
32.0,1.0,1.0,3.0,37607.5277
19.0,0.0,0.0,1.0,34439.8559
18.0,1.0,0.0,3.0,1704.70015
38.0,1.0,1.0,3.0,6067.12675
49.0,1.0,1.0,0.0,8703.456
31.0,1.0,0.0,3.0,3857.75925
26.0,0.0,0.0,2.0,3201.24515
34.0,1.0,1.0,2.0,20009.63365
30.0,1.0,1.0,1.0,18963.17192
44.0,1.0,1.0,1.0,7152.6714
42.0,0.0,1.0,0.0,7045.499
45.0,1.0,1.0,0.0,7441.053
25.0,0.0,1.0,1.0,3238.4357
25.0,0.0,1.0,1.0,3227.1211
56.0,0.0,0.0,3.0,11658.37915
29.0,0.0,4.0,0.0,5708.867
45.0,0.0,3.0,0.0,9101.798
23.0,1.0,0.0,1.0,1824.2854
50.0,1.0,0.0,2.0,8827.2099
56.0,0.0,3.0,3.0,13430.265
48.0,0.0,0.0,1.0,8280.6227
38.0,1.0,2.0,2.0,6455.86265
18.0,0.0,0.0,1.0,14133.03775
31.0,0.0,0.0,2.0,4134.08245
19.0,0.0,0.0,0.0,16884.924
30.0,1.0,2.0,1.0,4266.1658
23.0,0.0,2.0,2.0,14426.07385
32.0,1.0,4.0,2.0,21472.4788
40.0,1.0,2.0,1.0,6593.5083
28.0,0.0,0.0,0.0,3161.454
52.0,1.0,2.0,1.0,47269.854
58.0,0.0,0.0,2.0,12231.6136
33.0,0.0,3.0,3.0,6551.7501
46.0,0.0,2.0,0.0,8823.279
48.0,0.0,1.0,2.0,9249.4952
41.0,1.0,0.0,1.0,5699.8375
24.0,0.0,3.0,2.0,4618.0799
57.0,1.0,0.0,0.0,10965.446
29.0,0.0,2.0,0.0,4529.477
51.0,1.0,2.0,2.0,23967.38305
55.0,1.0,0.0,2.0,10601.63225
27.0,1.0,3.0,3.0,4827.90495
46.0,0.0,3.0,0.0,9414.92
34.0,0.0,3.0,1.0,6184.2994
58.0,0.0,0.0,0.0,11842.442
35.0,0.0,2.0,3.0,6402.29135
38.0,1.0,3.0,1.0,6652.5288
46.0,0.0,1.0,2.0,21677.28345
44.0,0.0,2.0,1.0,8219.2039
55.0,0.0,3.0,3.0,13047.33235
40.0,0.0,2.0,2.0,40003.33225
48.0,1.0,2.0,1.0,8978.1851
52.0,0.0,1.0,2.0,23887.6627
27.0,0.0,0.0,0.0,2974.126
31.0,0.0,1.0,3.0,58571.07448
55.0,0.0,2.0,2.0,12268.63225
55.0,0.0,0.0,3.0,11286.5387
39.0,0.0,2.0,2.0,7209.4918
58.0,0.0,0.0,1.0,24227.33724
19.0,0.0,1.0,0.0,2331.519
53.0,1.0,2.0,3.0,11244.3769
42.0,0.0,2.0,1.0,43896.3763
40.0,1.0,1.0,3.0,6610.1097
63.0,0.0,0.0,3.0,29523.1656
56.0,0.0,2.0,1.0,12265.5069
42.0,1.0,2.0,1.0,7162.0122
35.0,1.0,1.0,0.0,4751.07
27.0,1.0,0.0,3.0,3070.8087
25.0,1.0,5.0,0.0,5080.096
18.0,1.0,0.0,3.0,33732.6867
48.0,0.0,0.0,0.0,8269.044
18.0,0.0,0.0,1.0,1629.8335
46.0,1.0,0.0,0.0,24603.04837
44.0,0.0,2.0,1.0,8211.1002
26.0,1.0,0.0,3.0,2897.3235
64.0,0.0,2.0,3.0,16069.08475
37.0,0.0,2.0,3.0,6877.9801
23.0,0.0,0.0,3.0,2899.48935
35.0,0.0,3.0,0.0,6414.178
46.0,0.0,2.0,2.0,9193.8385
28.0,0.0,2.0,0.0,20177.67113
60.0,1.0,0.0,1.0,48673.5588
19.0,0.0,0.0,2.0,2117.33885
25.0,1.0,0.0,1.0,2137.6536
32.0,1.0,3.0,0.0,5253.524
18.0,0.0,0.0,3.0,2196.4732
64.0,1.0,1.0,2.0,30166.61817
54.0,1.0,3.0,3.0,48549.17835
64.0,1.0,0.0,2.0,14210.53595
19.0,0.0,2.0,0.0,36397.576
56.0,0.0,2.0,2.0,12643.3778
26.0,0.0,4.0,3.0,24671.66334
18.0,0.0,0.0,1.0,1633.0444
39.0,1.0,2.0,2.0,6710.1919
51.0,0.0,3.0,3.0,46255.1125
38.0,1.0,0.0,0.0,15820.699
44.0,1.0,2.0,0.0,7740.337
56.0,0.0,0.0,1.0,11090.7178
64.0,0.0,3.0,2.0,16455.70785
40.0,0.0,0.0,1.0,5920.1041
25.0,0.0,1.0,2.0,3594.17085
42.0,0.0,1.0,3.0,7639.41745
36.0,0.0,0.0,3.0,5458.04645
62.0,0.0,0.0,0.0,13462.52
24.0,1.0,0.0,1.0,1981.5819
54.0,0.0,0.0,1.0,10338.9316
20.0,0.0,0.0,1.0,1877.9294
53.0,0.0,2.0,3.0,11729.6795
18.0,0.0,0.0,3.0,2203.73595
19.0,1.0,1.0,0.0,1837.237
27.0,0.0,3.0,2.0,16420.49455
27.0,0.0,1.0,2.0,3956.07145
25.0,1.0,4.0,1.0,4504.6624
58.0,1.0,0.0,0.0,11365.952
61.0,0.0,0.0,2.0,29141.3603
55.0,0.0,1.0,0.0,35160.13457
37.0,0.0,2.0,0.0,39836.519
48.0,1.0,4.0,3.0,10736.87075
23.0,1.0,0.0,3.0,2395.17155
23.0,0.0,0.0,2.0,18033.9679
35.0,1.0,1.0,1.0,4747.0529
19.0,1.0,0.0,0.0,16297.846
33.0,0.0,2.0,3.0,16776.30405
19.0,1.0,0.0,1.0,32548.3405
54.0,0.0,1.0,1.0,10928.849
24.0,0.0,0.0,1.0,2480.9791
46.0,0.0,1.0,1.0,8240.5896
49.0,0.0,1.0,0.0,26140.3603
45.0,1.0,3.0,0.0,8615.3
59.0,1.0,2.0,1.0,12925.886
37.0,0.0,1.0,3.0,20296.86345
27.0,1.0,1.0,1.0,34806.4677
23.0,1.0,0.0,2.0,21595.38229
40.0,1.0,2.0,2.0,6986.697
21.0,1.0,3.0,3.0,3861.20965
23.0,0.0,2.0,3.0,38511.6283
51.0,1.0,4.0,2.0,11520.09985
44.0,1.0,1.0,3.0,39556.4945
36.0,0.0,0.0,3.0,5469.0066
47.0,0.0,2.0,2.0,24535.69855
37.0,0.0,0.0,1.0,40419.0191
36.0,0.0,1.0,1.0,5478.0368
54.0,1.0,0.0,3.0,10435.06525
53.0,1.0,0.0,1.0,21195.818
32.0,0.0,0.0,0.0,17496.306
29.0,1.0,2.0,2.0,19442.3535
59.0,1.0,1.0,1.0,48970.2476
63.0,0.0,2.0,0.0,47305.305
19.0,1.0,0.0,2.0,1628.4709
58.0,1.0,0.0,2.0,11735.87905
24.0,0.0,0.0,1.0,2464.6188
56.0,1.0,3.0,0.0,12363.547
27.0,1.0,3.0,3.0,4846.92015
48.0,0.0,2.0,3.0,10043.249
34.0,0.0,1.0,3.0,5594.8455
24.0,1.0,1.0,2.0,12609.88702
47.0,0.0,1.0,1.0,8569.8618
47.0,1.0,2.0,1.0,44202.6536
57.0,1.0,0.0,1.0,10982.5013
18.0,1.0,0.0,3.0,1705.6245
33.0,1.0,1.0,1.0,38282.7495
48.0,0.0,0.0,2.0,8671.19125
32.0,0.0,0.0,2.0,4357.04365
18.0,1.0,2.0,1.0,2304.0022
45.0,0.0,2.0,1.0,8527.532
42.0,1.0,2.0,3.0,21259.37795
50.0,1.0,0.0,0.0,8444.474
20.0,1.0,1.0,0.0,1980.07
33.0,1.0,4.0,0.0,6059.173
25.0,1.0,3.0,0.0,19933.458
24.0,0.0,0.0,3.0,3046.062
19.0,1.0,1.0,0.0,1842.519
35.0,1.0,1.0,0.0,4762.329
22.0,1.0,0.0,2.0,2055.3249
57.0,1.0,0.0,3.0,27218.43725
39.0,0.0,5.0,1.0,8596.8278
62.0,1.0,1.0,2.0,13937.6665
39.0,0.0,1.0,0.0,6238.298
60.0,1.0,0.0,0.0,12146.971
34.0,0.0,1.0,0.0,5012.471
49.0,0.0,1.0,0.0,9182.17
59.0,0.0,3.0,3.0,14590.63205
46.0,1.0,3.0,1.0,8944.1151
44.0,0.0,1.0,0.0,7623.518
55.0,1.0,0.0,0.0,10214.636
61.0,1.0,0.0,3.0,13129.60345
35.0,0.0,2.0,3.0,24915.04626
49.0,0.0,2.0,2.0,10156.7832
18.0,1.0,0.0,3.0,15518.18025
22.0,1.0,1.0,2.0,2643.2685
20.0,1.0,1.0,0.0,1964.78
19.0,0.0,0.0,0.0,1728.897
64.0,0.0,0.0,2.0,29330.98315
24.0,1.0,0.0,3.0,34254.05335
52.0,1.0,0.0,0.0,9144.565
40.0,0.0,1.0,3.0,22331.5668
61.0,1.0,0.0,1.0,12557.6053
38.0,0.0,0.0,1.0,5400.9805
54.0,1.0,0.0,3.0,10422.91665
56.0,1.0,0.0,3.0,11165.41765
24.0,1.0,0.0,1.0,1986.9334
53.0,1.0,1.0,2.0,10461.9794
40.0,0.0,3.0,3.0,8252.2843
36.0,0.0,0.0,2.0,5266.3656
50.0,0.0,4.0,0.0,11299.343
42.0,0.0,2.0,2.0,8017.06115
20.0,1.0,1.0,2.0,2362.22905
34.0,0.0,0.0,1.0,4415.1588
53.0,1.0,0.0,3.0,10072.05505
25.0,0.0,0.0,0.0,33900.653
30.0,0.0,1.0,1.0,19521.9682
49.0,1.0,1.0,3.0,9288.0267
26.0,1.0,1.0,0.0,2904.088
47.0,0.0,1.0,1.0,42969.8527
61.0,0.0,3.0,1.0,30942.1918
37.0,0.0,3.0,2.0,7281.5056
18.0,1.0,1.0,1.0,1711.0268
41.0,0.0,1.0,3.0,7358.17565
31.0,1.0,3.0,0.0,19199.944
23.0,1.0,1.0,0.0,2416.955
30.0,0.0,1.0,3.0,4719.52405
18.0,0.0,0.0,3.0,2211.13075
26.0,1.0,0.0,2.0,2699.56835
46.0,0.0,2.0,3.0,9432.9253
26.0,0.0,2.0,1.0,3981.9768
35.0,1.0,1.0,2.0,5116.5004
62.0,0.0,2.0,3.0,15230.32405
34.0,1.0,0.0,0.0,35491.64
37.0,1.0,1.0,1.0,39871.7043
44.0,1.0,2.0,1.0,7731.4271
30.0,0.0,1.0,1.0,4151.0287
19.0,0.0,1.0,2.0,2709.1119
52.0,1.0,3.0,2.0,11289.10925
43.0,1.0,3.0,2.0,8410.04685
59.0,0.0,1.0,1.0,28287.89766
36.0,1.0,3.0,3.0,6746.7425
21.0,1.0,0.0,3.0,2104.1134
53.0,0.0,0.0,3.0,10564.8845
64.0,0.0,3.0,1.0,16085.1275
58.0,1.0,0.0,2.0,11743.9341
53.0,0.0,0.0,2.0,10355.641
59.0,0.0,1.0,3.0,47896.79135
52.0,0.0,0.0,0.0,9634.538
56.0,1.0,1.0,2.0,26109.32905
51.0,1.0,0.0,3.0,9361.3268
59.0,0.0,0.0,0.0,12233.828
18.0,0.0,0.0,1.0,1631.6683
31.0,0.0,1.0,1.0,4350.5144
55.0,0.0,0.0,0.0,10704.47
45.0,1.0,0.0,2.0,7222.78625
21.0,1.0,1.0,0.0,2103.08
54.0,0.0,1.0,3.0,11512.405
43.0,0.0,0.0,1.0,45863.205
62.0,1.0,0.0,3.0,13555.0049
44.0,1.0,1.0,2.0,7518.02535
19.0,0.0,0.0,0.0,1737.376
50.0,1.0,1.0,3.0,9617.66245
37.0,0.0,2.0,2.0,6686.4313
46.0,1.0,1.0,3.0,8334.5896
61.0,1.0,2.0,2.0,14119.62
35.0,1.0,3.0,1.0,5934.3798
39.0,1.0,2.0,1.0,23563.01618
35.0,1.0,2.0,2.0,5729.0053
59.0,1.0,0.0,0.0,21797.0004
30.0,1.0,2.0,0.0,39241.442
27.0,1.0,0.0,1.0,18246.4955
55.0,1.0,3.0,2.0,30063.58055
19.0,1.0,0.0,0.0,1241.565
29.0,0.0,1.0,3.0,16657.71745
32.0,0.0,1.0,1.0,4562.8421
48.0,1.0,0.0,1.0,21223.6758
28.0,0.0,0.0,2.0,3556.9223
21.0,0.0,1.0,3.0,15359.1045
62.0,1.0,1.0,1.0,27000.98473
41.0,1.0,5.0,3.0,9222.4026
24.0,1.0,0.0,0.0,1977.815
64.0,0.0,2.0,0.0,47291.055
28.0,0.0,1.0,3.0,4337.7352
38.0,1.0,3.0,1.0,41949.2441
61.0,1.0,1.0,0.0,47403.88
44.0,1.0,0.0,2.0,6948.7008
62.0,0.0,0.0,1.0,27808.7251
30.0,0.0,2.0,1.0,4753.6368
25.0,1.0,0.0,3.0,2721.3208
41.0,1.0,2.0,2.0,7265.7025
28.0,1.0,2.0,3.0,4438.2634
46.0,1.0,1.0,3.0,8334.45755
37.0,1.0,0.0,0.0,4646.759
58.0,1.0,0.0,1.0,11363.2832
50.0,1.0,0.0,2.0,8835.26495
47.0,0.0,1.0,3.0,23401.30575
57.0,1.0,0.0,0.0,10959.33
20.0,0.0,5.0,0.0,4830.63
58.0,0.0,0.0,2.0,12224.35085
36.0,1.0,1.0,3.0,20773.62775
47.0,1.0,1.0,3.0,8627.5411
22.0,1.0,0.0,1.0,1674.6323
34.0,0.0,1.0,1.0,5002.7827
42.0,1.0,0.0,2.0,6358.77645
39.0,0.0,3.0,3.0,21659.9301
34.0,0.0,2.0,2.0,5989.52365
57.0,1.0,1.0,0.0,11576.13
58.0,0.0,0.0,0.0,11848.141
41.0,0.0,1.0,3.0,13725.47184
42.0,1.0,2.0,1.0,7160.3303
45.0,1.0,0.0,3.0,35069.37452
33.0,1.0,0.0,1.0,3704.3545
39.0,1.0,2.0,1.0,6338.0756
27.0,1.0,2.0,0.0,3693.428
29.0,1.0,0.0,0.0,2866.091
41.0,0.0,0.0,1.0,6185.3208
39.0,1.0,1.0,2.0,6123.5688
20.0,1.0,0.0,3.0,33475.81715
23.0,1.0,1.0,2.0,2775.19215
19.0,1.0,1.0,0.0,1832.094
55.0,1.0,1.0,1.0,10807.4863
44.0,0.0,1.0,2.0,8023.13545
19.0,0.0,0.0,2.0,2128.43105
28.0,0.0,3.0,2.0,5312.16985
32.0,1.0,1.0,2.0,4454.40265
32.0,1.0,1.0,1.0,19719.6947
51.0,0.0,2.0,3.0,44641.1974
